Ticker,Model,MAE,RMSE,Sharpe,Max_Drawdown,CAGR
AAPL,Linear,0.015017170465300508,0.020106156810395768,0.6155857887930902,-0.3227073781269686,0.14245996383533166
AAPL,RandomForest,0.015925996483502233,0.020532337523973092,-0.6730361231807185,-0.6985077833464529,-0.20326819411661523
AAPL,GradientBoosting,0.03105687358855762,0.034975868678312275,0.009335930593475584,-0.5453874116437449,-0.03560250349277427
AAPL,Polynomial,0.0376715287109566,0.05545758671807707,0.1553760930897873,-0.4224261398644218,0.00456598425618715
AMZN,Linear,0.016237166933852503,0.02244435261658686,0.9666079753775785,-0.4507385679485315,0.31844038107633765
AMZN,RandomForest,0.01595265866720993,0.022384994156349522,0.19431304537302993,-0.5167729742499414,0.006857578647463836
AMZN,GradientBoosting,0.016405254929606174,0.022919298900166227,0.35436524713130385,-0.49862685937169926,0.0648650489608722
AMZN,Polynomial,0.024158004188090162,0.041083967959780976,0.5217622166333405,-0.5103224375259331,0.12894210405805917
BA,Linear,0.016982280558192227,0.023650097136328308,-0.3693579974135511,-0.8419871271833033,-0.18404316780681684
BA,RandomForest,0.01649656079110308,0.02305280533318939,0.5584931251040243,-0.4298013344904299,0.14749555810494397
BA,GradientBoosting,0.01655789481094057,0.02317138932017455,0.15158592909343893,-0.5695976819346933,-0.011669424043732168
BA,Polynomial,0.017046739714662237,0.023800399085105492,0.04012195646754615,-0.4780710790321816,-0.05161262844977499
BAC,Linear,0.012769288082303928,0.017418394831544143,-0.2665848728968286,-0.5964911562348875,-0.10292757946180386
BAC,RandomForest,0.013832892724006245,0.018540466181058427,0.30968812848955735,-0.49459220899492906,0.04813911394895776
BAC,GradientBoosting,0.01278897070321669,0.017396499409912124,0.20571145514732014,-0.6086957836874084,0.019068725822520838
BAC,Polynomial,0.016306954711478455,0.0215107198451041,-0.41003272815592284,-0.6089061148174649,-0.13698391500814344
BRK-B,Linear,0.008904835315221049,0.011944684549175829,0.05209324145560845,-0.42963687006773543,-0.005894211901706026
BRK-B,RandomForest,0.008850686515224113,0.011910449322035015,-0.5262923358844359,-0.45903663295492814,-0.10033212845927875
BRK-B,GradientBoosting,0.010110186792320392,0.013150100022194106,-0.784400771764309,-0.5825682380854292,-0.13946699418220831
BRK-B,Polynomial,0.017538296819430494,0.028267055139362417,0.26061143899398365,-0.3274570750883208,0.030541046059650467
COST,Linear,0.012443233310015105,0.01655232386131447,0.562491269278166,-0.4413781924007839,0.10656662886832646
COST,RandomForest,0.010678501840949319,0.014754209091159957,-0.7163891482660047,-0.6815637201443523,-0.16972386149169505
COST,GradientBoosting,0.014665138093607411,0.020482211820580725,-0.7557762743095341,-0.6676568195254149,-0.17700985153835058
COST,Polynomial,0.04694562337285001,0.08588222874536515,0.48229569814334516,-0.3294498793406908,0.08640704008363076
CVX,Linear,0.012706938280945188,0.017180053582563415,0.3001003712970028,-0.4397288043293589,0.04483155104606418
CVX,RandomForest,0.012353212738818049,0.016691865939819785,0.027276753663277146,-0.44139451048287826,-0.02450466713042454
CVX,GradientBoosting,0.011968087671559597,0.0167622723847243,0.19732919847154046,-0.34829802071605576,0.018269274790454926
CVX,Polynomial,0.022570451173134408,0.031003692453748923,-0.6793569511889361,-0.6492752792281855,-0.1835340953275001
FDX,Linear,0.013351035061516954,0.02055054754176251,0.0943509166409737,-0.6135022201299667,-0.021245323380663428
FDX,RandomForest,0.013383743600821832,0.020609959421176178,-0.3220077668925658,-0.611032450848938,-0.14596354788128696
FDX,GradientBoosting,0.013469317384791237,0.020846628578284215,-0.5639810697526519,-0.7911648164100882,-0.21041914698537567
FDX,Polynomial,0.014235631003334913,0.02140467777691011,0.3769596341275219,-0.30829612615306823,0.07254583141365001
GIS,Linear,0.0095814652602383,0.012949686806255937,0.5249644853514387,-0.3720216920330244,0.0898984109123171
GIS,RandomForest,0.01039859234736445,0.013645410002794015,0.17099717630394096,-0.41991495110996235,0.014241044918725576
GIS,GradientBoosting,0.01633568471588208,0.019709397154934607,0.18706481035605518,-0.39432286157228813,0.01756396799881288
GIS,Polynomial,0.01182793441707418,0.015436256490054619,-0.6115249597194432,-0.6482814436315161,-0.1350700616265359
GS,Linear,0.014238470808857775,0.019024806959642645,-0.923068164572885,-0.7814433728534059,-0.25214597551950757
GS,RandomForest,0.013200186613453313,0.01801225841138827,-0.6552134613257267,-0.7111384422346778,-0.19524975094942687
GS,GradientBoosting,0.013598515739679802,0.01958754881806965,-0.8410706447731164,-0.7720767331582823,-0.23512887138674643
GS,Polynomial,0.02888289751846769,0.046798974611134886,0.5364962578057105,-0.32087080643726695,0.11595528884539985
INTC,Linear,0.02029374434655384,0.02940213655557181,0.4804973374292584,-0.5299689125732696,0.1202095671018788
INTC,RandomForest,0.02007808824164278,0.0294269641518606,0.05323073072972697,-0.6815329199693265,-0.08119498952999138
INTC,GradientBoosting,0.019968242815143054,0.029490622481941144,-0.0468454838505174,-0.7241744433199079,-0.12155383604221914
INTC,Polynomial,0.021730377499575525,0.03184384081000382,-0.22862939494808043,-0.8707972058415019,-0.19268447875777517
JNJ,Linear,0.008152432148533588,0.011014967625427368,-0.12025687489742201,-0.2922487405989842,-0.03355873800917175
JNJ,RandomForest,0.008198284620423525,0.011125328906815318,-0.6421842235371102,-0.4884889442413204,-0.11450736925398641
JNJ,GradientBoosting,0.009483593402566005,0.012377820327062278,-0.6898810179848381,-0.508599620508758,-0.12153791003273551
JNJ,Polynomial,0.009829221255676417,0.014614992810024235,0.3340747428408057,-0.2233800401471454,0.042826758596172354
JPM,Linear,0.01366419307680445,0.018068490061690968,-0.5788680943813727,-0.6325555051073872,-0.15662464103267681
JPM,RandomForest,0.011878583585802668,0.016801972218297077,-0.75013566771321,-0.7267968125675286,-0.19090900455004667
JPM,GradientBoosting,0.011163819354734645,0.015620456788998224,-0.26064086596063574,-0.6021405945775533,-0.08879098450782519
JPM,Polynomial,0.024957299194582297,0.04090378303956447,0.7773310282358167,-0.27175610824829,0.17262538154736506
MCD,Linear,0.008597205198090636,0.011386722417564846,0.5510831500030449,-0.22299628981439767,0.08321394513472469
MCD,RandomForest,0.009070877787527439,0.012054977064025817,-0.5287295813344307,-0.47075925869602986,-0.10022432167508799
MCD,GradientBoosting,0.01258455696349529,0.015592642471544932,-0.6648862778887362,-0.5005537621230063,-0.12098704602158805
MCD,Polynomial,0.011925544082448954,0.01615409621999049,0.28354458269815613,-0.41150263103378115,0.03450418476967787
NVDA,Linear,0.0730104563546245,0.11163597127250742,0.27699152312495057,-0.5570637110195171,0.007967743747103961
NVDA,RandomForest,0.024854500845862937,0.033731092450053866,-0.39949227773508816,-0.9188033328343734,-0.29225046097058627
NVDA,GradientBoosting,0.04003411560000776,0.04852196331161605,-0.8651071860979442,-0.9672475077979734,-0.4448933110977361
NVDA,Polynomial,2.553741036992847,5.798348048986137,-0.12561207772919833,-0.7710697861266917,-0.18169397413000965
ORCL,Linear,0.021631446772231003,0.0339742641525711,0.20649128744687587,-0.4950104371823987,0.0016996954312682444
ORCL,RandomForest,0.01898714050653643,0.030395640205514152,-0.7015786732814167,-0.8811957056401196,-0.2955785850302697
ORCL,GradientBoosting,0.030098744594926403,0.05718117826236927,-0.0030086529679449344,-0.6291388402810183,-0.07067882942263148
ORCL,Polynomial,0.22496962141574786,0.8073583175650505,0.3252137239702079,-0.3833254726225621,0.05417829862985313
PFE,Linear,0.011973342718178955,0.016254174046731202,0.3684064477257378,-0.45668318322976864,0.0628911234814904
PFE,RandomForest,0.01196266793182189,0.016370123200396,0.519716061242008,-0.46050188174105844,0.10416021656786856
PFE,GradientBoosting,0.01180875439074574,0.016294327356529505,-0.2726033830680759,-0.5172748095230171,-0.09576274401438889
PFE,Polynomial,0.014415353246959405,0.021244343791144284,0.18934324325368104,-0.4257914951032933,0.01613737058024789
SBUX,Linear,0.012960723394274296,0.019675874286269622,0.7359828936453439,-0.4851143114989691,0.19876484056694688
SBUX,RandomForest,0.013020027059904165,0.019879397774679855,0.28934217037744414,-0.4553707627876947,0.04304335585115027
SBUX,GradientBoosting,0.013499788828040881,0.020629518983999885,-0.1584417172025615,-0.5392720852798902,-0.0923174041427034
SBUX,Polynomial,0.016660225753058748,0.02862793146036501,0.03564143181742688,-0.3863502851606986,-0.03751295471831728
T,Linear,0.010631231726187835,0.01495827246166845,0.25633023336047933,-0.33379397760804086,0.03334536083341466
T,RandomForest,0.010696456339286037,0.015105151304473728,0.0035832311293207057,-0.48013929002225897,-0.02614351514789548
T,GradientBoosting,0.010727915198515358,0.015204571445535678,0.08638902230902842,-0.3841843683174696,-0.007123516008398667
T,Polynomial,0.012583753203441194,0.021659758132280955,-0.03499267210413063,-0.5043135982921376,-0.03500407751862977
WMT,Linear,0.010498111163287416,0.014970424131673292,0.6378434773528321,-0.3547908341936916,0.11768858348981182
WMT,RandomForest,0.00917341749015717,0.01335202336179388,0.5422560357533274,-0.32343185105455186,0.0953981646843498
WMT,GradientBoosting,0.00933506210151942,0.01348978054571481,0.7678300273069116,-0.2664459170248652,0.14794525731966512
WMT,Polynomial,0.021035167640147158,0.038985268160680514,-0.285623105423132,-0.5465845095909396,-0.07807441404759874
XOM,Linear,0.013854236671023168,0.018028761968544884,0.22029850703365397,-0.5002624034340861,0.023265140838836684
XOM,RandomForest,0.014450070138044729,0.01862843014653692,0.7102779800037184,-0.4100570530768206,0.1682178211593126
XOM,GradientBoosting,0.019190185175425895,0.025968931768914533,-0.4297400548531269,-0.6378228441682837,-0.14167239769198037
XOM,Polynomial,0.021823039325854082,0.030390654278199713,-0.7344608885804615,-0.7059237822590573,-0.2095390694349326
